City,Type,Place,Season
Ahmedabad,Historical,Sabarmati Ashram,All Year,"Sabarmati Ashram is the former home of Mahatma Gandhi and a historic site from where he led the Dandi March."
Ahmedabad,Cultural,Calico Museum of Textiles,All Year,"Calico Museum of Textiles holds one of the finest collections of Indian textiles, offering insight into the country's rich fabric heritage."
Ahmedabad,Architectural,Adalaj Stepwell,All Year,"Adalaj Stepwell is a 15th-century stepwell known for its intricate architecture, combining Hindu and Islamic designs."
Ahmedabad,Nature,Thol Bird Sanctuary,Winter,"Thol Bird Sanctuary is a wetland reserve popular among birdwatchers, especially for its migratory bird species."
Ahmedabad,Shopping,Law Garden Night Market,All Year,"Law Garden Night Market is famous for its vibrant handicrafts and traditional Gujarati apparel."
Ahmedabad,Entertainment,Science City,All Year,"Science City is an educational entertainment park featuring science exhibits, planetarium shows, and interactive activities."
Ahmedabad,Historical,Jama Masjid,All Year,"Jama Masjid is a 15th-century mosque in the heart of Ahmedabad, known for its massive courtyard and Indo-Islamic architecture."
Ahmedabad,Cultural,Shreyas Folk Museum,All Year,"Shreyas Folk Museum showcases folk art, costumes, and crafts from different parts of Gujarat."
Ahmedabad,Nature,Narmada Canal,All Year,"The Narmada Canal is a major irrigation project providing water to vast agricultural areas, with scenic views along the way."
Ahmedabad,Architectural,Sarkhej Roza,All Year,"Sarkhej Roza is a mosque and tomb complex known for its fusion of Islamic and Hindu architectural styles."
Ahmedabad,Shopping,Manek Chowk,All Year,"Manek Chowk is a bustling market during the day and transforms into a popular street food hub by night."
Ahmedabad,Historical,Ahmad Shah's Mosque,All Year,"Ahmad Shah's Mosque is a 15th-century mosque built by the founder of Ahmedabad, known for its historical significance."
Ahmedabad,Cultural,Akshardham Temple,All Year,"Akshardham Temple is a massive temple dedicated to Lord Swaminarayan, known for its beautiful architecture and cultural exhibitions."
Ahmedabad,Nature,Kamla Nehru Zoo,All Year,"Kamla Nehru Zoo is located along the Kankaria Lake, home to a variety of animal species, including tigers, lions, and reptiles."
Ahmedabad,Shopping,CG Road,All Year,"CG Road is one of the main commercial streets in Ahmedabad, lined with shops, restaurants, and offices."
Ahmedabad,Historical,Shah Alam Roza,All Year,"Shah Alam Roza is an Islamic mausoleum complex known for its intricate carvings and peaceful atmosphere."
Ahmedabad,Cultural,Gandhi Ashram,All Year,"Gandhi Ashram, also known as Sabarmati Ashram, was the residence of Mahatma Gandhi and is a major site of India's independence movement."
Vadodara,Cultural,Laxmi Vilas Palace,All Year,"Laxmi Vilas Palace is the royal residence of the Gaekwad dynasty, known for its grand architecture and extensive gardens."
Vadodara,Historical,Baroda Museum and Picture Gallery,All Year,"Baroda Museum houses a collection of rare artifacts, art pieces, and exhibits showcasing the cultural history of Gujarat."
Vadodara,Nature,Sur Sagar Lake,All Year,"Sur Sagar Lake is a serene water body in the heart of Vadodara, offering scenic views and boating opportunities."
Vadodara,Spiritual,EME Temple,All Year,"EME Temple is a unique temple built by the Indian Army, dedicated to Lord Shiva, with a blend of modern and traditional architecture."
Vadodara,Shopping,Mandvi Gate Market,All Year,"Mandvi Gate Market is known for its traditional Gujarati items, textiles, and handicrafts, attracting both locals and tourists."
Vadodara,Entertainment,Inorbit Mall,All Year,"Inorbit Mall is one of the largest malls in Vadodara, featuring a variety of shopping, dining, and entertainment options."
Vadodara,Historical,Sur Sardar Palace,All Year,"Sur Sardar Palace is an old palace built by the Gaekwads, showcasing a blend of European and Indian architectural styles."
Vadodara,Cultural,Ajwa Water Park,All Year,"Ajwa Water Park is a popular destination for water rides and family-friendly activities, especially during the summer."
Vadodara,Adventure,Sardar Patel Planetarium,All Year,"Sardar Patel Planetarium offers fascinating shows and exhibitions about astronomy and space science."
Vadodara,Historical,Kirti Mandir,All Year,"Kirti Mandir is a memorial dedicated to Mahatma Gandhi and his family, housing various relics and historical memorabilia."
Vadodara,Nature,Shahibaug Lake,All Year,"Shahibaug Lake is a peaceful spot near Vadodara, ideal for birdwatching and picnics."
Gandhinagar,Spiritual,Gandhi Ashram,All Year,"Gandhi Ashram, located on the banks of the Sabarmati River, was the residence of Mahatma Gandhi and is a significant site in India's independence movement."
Gandhinagar,Architectural,Akshardham Temple,All Year,"Akshardham Temple is a magnificent Hindu temple showcasing intricate carvings, architecture, and exhibitions that reflect the rich heritage of India."
Gandhinagar,Nature,Gandhinagar Zoo,All Year,"Gandhinagar Zoo is a well-maintained zoo housing a variety of animal species and providing an educational experience for visitors."
Gandhinagar,Cultural,Indroda Nature Park,All Year,"Indroda Nature Park is a biodiversity park featuring various flora and fauna, including dinosaur fossils, making it an educational destination."
Gandhinagar,Historical,Gandhinagar Capital Complex,All Year,"The Gandhinagar Capital Complex is a modern architectural marvel that houses various government buildings and is known for its striking design."
Gandhinagar,Adventure,Parineeta Water Park,Winter,"Parineeta Water Park is a popular amusement park offering water rides and recreational activities, perfect for family outings in winter."
Kutch,Adventure,White Desert (Rann of Kutch),Winter,"The White Desert, also known as Rann of Kutch, is a vast salt desert known for its breathtaking landscapes and the vibrant Rann Utsav festival."
Kutch,Cultural,Kutch Museum,All Year,"Kutch Museum is dedicated to the art, culture, and history of the Kutch region, featuring various artifacts and traditional crafts."
Kutch,Historical,Aina Mahal,All Year,"Aina Mahal, also known as the Palace of Mirrors, is a historical palace known for its stunning architecture and intricate mirror work."
Kutch,Nature,Great Rann of Kutch,Winter,"The Great Rann of Kutch is a seasonal salt marsh known for its unique ecosystem and stunning sunsets, attracting nature lovers and photographers."
Kutch,Spiritual,Bhadreshwar Jain Temple,All Year,"Bhadreshwar Jain Temple is an ancient temple dedicated to Jain Tirthankaras, known for its intricate architecture and serene atmosphere."
Kutch,Nature,Chhari Dhand,Winter,"Chhari Dhand is a wetland area known for birdwatching, especially during the migratory season, attracting numerous bird species."
Kutch,Adventure,Kutch Desert Wildlife Sanctuary,Winter,"Kutch Desert Wildlife Sanctuary is home to diverse wildlife, including the Indian wild ass, and offers opportunities for adventure and exploration."
Kutch,Cultural,Bhujodi Village,All Year,"Bhujodi Village is famous for its traditional crafts, especially weaving, showcasing the rich cultural heritage of the Kutch region."
Kutch,Nature,Kutch Craft Village,All Year,"Kutch Craft Village is known for its traditional artisans and craft workshops, providing visitors with a glimpse of local handicrafts."
Kutch,Adventure,Kutch Rann Utsav,Winter,"Kutch Rann Utsav is a vibrant festival celebrating the culture, crafts, and traditions of Kutch, held in the stunning White Desert."
Surat,Historical,Surat Castle,All Year,"Surat Castle is a historical fort built in the 1500s, reflecting the city's rich maritime history and architectural heritage."
Surat,Cultural,Surat Textile Market,All Year,"Surat Textile Market is one of the largest textile markets in India, renowned for its variety of fabrics and traditional garments."
Surat,Nature,Iskcon Temple,All Year,"Iskcon Temple in Surat is a beautiful temple dedicated to Lord Krishna, offering a peaceful atmosphere and spiritual activities."
Surat,Entertainment,Surat Adventure Park,Winter,"Surat Adventure Park is an amusement park featuring thrilling rides and entertainment options, making it a perfect winter getaway."
Surat,Shopping,Surat Mall,All Year,"Surat Mall is a popular shopping destination, offering a mix of retail stores, dining options, and entertainment facilities."
Surat,Nature,Surat Citylight,All Year,"Surat Citylight is a scenic area with beautiful parks and recreational spaces, ideal for leisurely strolls and picnics."
Dwarka,Spiritual,Dwarkadhish Temple,All Year,"Dwarkadhish Temple is a significant Hindu temple dedicated to Lord Krishna, attracting thousands of pilgrims each year."
Dwarka,Historical,Nageshwar Temple,All Year,"Nageshwar Temple is one of the twelve Jyotirlingas of Lord Shiva, renowned for its religious significance and intricate carvings."
Dwarka,Nature,Dwarka Beach,All Year,"Dwarka Beach offers scenic views of the Arabian Sea and is a popular spot for relaxation and water activities."
Dwarka,Cultural,Rukmini Devi Temple,All Year,"Rukmini Devi Temple is dedicated to the wife of Lord Krishna, featuring beautiful architecture and serene surroundings."
Dwarka,Adventure,Dwarka Water Sports,Winter,"Dwarka Water Sports offers thrilling water activities like jet skiing and banana boat rides, perfect for adventure enthusiasts."
Dwarka,Historical,Dwarka Lighthouse,All Year,"Dwarka Lighthouse, built in the 19th century, offers panoramic views of the coastline and is a historical landmark."
Dwarka,Spiritual,Rukmini Temple,All Year,"Rukmini Temple is dedicated to Rukmini, the consort of Lord Krishna, known for its beautiful architecture and tranquil atmosphere."
Somnath,Spiritual,Somnath Temple,All Year,"Somnath Temple is one of the most revered Hindu temples, dedicated to Lord Shiva, with a rich history and stunning architecture."
Somnath,Historical,Somnath Fort,All Year,"Somnath Fort is a historical fort located near the temple, offering insights into the region's history and coastal defenses."
Somnath,Nature,Somnath Beach,All Year,"Somnath Beach is a beautiful beach known for its serene ambiance and stunning views, ideal for relaxation."
Somnath,Cultural,Bhalka Tirth,All Year,"Bhalka Tirth is a sacred site associated with the legend of Lord Krishna, featuring temples and peaceful surroundings."
Somnath,Adventure,Water Sports,Winter,"Water Sports at Somnath Beach offer thrilling activities like parasailing and jet skiing, perfect for adventure seekers."
Junagadh,Historical,Uparkot Fort,All Year,"Uparkot Fort is a historic fort in Junagadh, known for its massive walls, ancient architecture, and rich history dating back to the 2nd century."
Junagadh,Nature,Mount Girnar,All Year,"Mount Girnar is a mountain range with several peaks, known for its trekking trails, stunning views, and ancient temples situated along the paths."
Junagadh,Cultural,Adi Kadi Vav,All Year,"Adi Kadi Vav is an ancient stepwell in Junagadh, famous for its intricate carvings and architectural significance, showcasing the craftsmanship of the time."
Junagadh,Spiritual,Junagadh Jain Temples,All Year,"The Junagadh Jain Temples are a group of beautiful temples dedicated to Jain Tirthankaras, known for their exquisite carvings and spiritual ambiance."
Junagadh,Adventure,Khambhalida Caves,All Year,"Khambhalida Caves are ancient rock-cut caves known for their stunning sculptures and carvings, offering a glimpse into India's rich heritage."
Junagadh,Nature,Girnar Hill,Winter,"Girnar Hill is a prominent hill known for its beautiful flora and fauna, offering hiking trails and a peaceful environment for nature lovers."
Patan,Cultural,Rani ki Vav,All Year,"Rani ki Vav is a UNESCO World Heritage Site and an intricately designed stepwell known for its stunning sculptures and historic significance."
Patan,Historical,Patan Fort,All Year,"Patan Fort is a historical fort that offers insights into the architectural brilliance of the time and provides panoramic views of the surroundings."
Patan,Nature,Saraswati River,All Year,"Saraswati River is a sacred river with beautiful surroundings, ideal for leisurely walks and enjoying the serene environment."
Patan,Spiritual,Sun Temple at Modhera,All Year,"The Sun Temple at Modhera is an ancient temple dedicated to the Sun God, known for its remarkable architecture and intricate carvings."
Patan,Adventure,Modhera Dance Festival,Winter,"The Modhera Dance Festival is a cultural event held annually, featuring classical dance performances set against the backdrop of the Sun Temple."
Gir Somnath,Nature,Gir National Park,Winter,"Gir National Park is a wildlife sanctuary known for its population of Asiatic lions and diverse ecosystems, offering safaris and wildlife experiences."
Gir Somnath,Adventure,Gir Wildlife Sanctuary,Winter,"Gir Wildlife Sanctuary is a haven for wildlife enthusiasts, offering opportunities to see a variety of flora and fauna, including the Asiatic lion."
Gir Somnath,Historical,Shree Somnath Trust,All Year,"Shree Somnath Trust oversees the famous Somnath Temple, which is an important pilgrimage site with a rich history and spiritual significance."
Gir Somnath,Spiritual,Triveni Sangam,All Year,"Triveni Sangam is a sacred confluence of three rivers near Somnath, known for its spiritual significance and serene environment."
Saputara,Nature,Saputara Hill Station,Summer,"Saputara Hill Station is a picturesque hill station known for its cool climate, lush greenery, and scenic views, making it a popular summer retreat."
Saputara,Cultural,Nageshwar Temple,All Year,"Nageshwar Temple is a significant temple dedicated to Lord Shiva, known for its tranquil ambiance and beautiful architecture."
Saputara,Adventure,Governor's Hill,Summer,"Governor's Hill is an adventure spot in Saputara, offering various outdoor activities like trekking and nature walks amidst stunning landscapes."
Saputara,Entertainment,Saputara Lake,All Year,"Saputara Lake is a serene lake offering boating facilities and picturesque views, ideal for family outings and relaxation."
Dang,Nature,Dang Forests,Summer,"Dang Forests are lush green forests known for their biodiversity and scenic beauty, making them a perfect destination for nature lovers."
Dang,Adventure,Garudeshwar Waterfall,Summer,"Garudeshwar Waterfall is a beautiful waterfall offering opportunities for adventure activities and is a great spot for picnics in summer."
Dang,Cultural,Dang Darbar,All Year,"Dang Darbar is a cultural site showcasing the local traditions and heritage of the Dang region, often hosting cultural events and festivities."
Dang,Spiritual,Gir Somnath Temple,All Year,"Gir Somnath Temple is a significant temple dedicated to Lord Shiva, attracting devotees and offering a peaceful atmosphere."
Dang,Nature,Bhagoria Haat,Winter,"Bhagoria Haat is a traditional tribal market held in winter, known for its vibrant atmosphere and a showcase of local crafts and culture."
Bhuj,Historical,Bhujia Fort,All Year,"Bhujia Fort is a historic fort known for its strategic location and panoramic views of the surrounding landscape, rich in history."
Bhuj,Cultural,Bhuj Museum,All Year,"Bhuj Museum showcases the rich cultural heritage of Kutch through various artifacts, artworks, and historical exhibits."
Bhuj,Nature,Kutch Desert Wildlife Sanctuary,Winter,"Kutch Desert Wildlife Sanctuary is known for its unique ecosystem and diverse wildlife, attracting nature enthusiasts, especially in winter."
Bhuj,Adventure,Kutch Rann Utsav,Winter,"Kutch Rann Utsav is a vibrant festival celebrating the culture and traditions of Kutch, featuring music, dance, and local crafts."
Navsari,Cultural,Navsari Jain Temple,All Year,"Navsari Jain Temple is an important temple known for its beautiful architecture and spiritual significance, attracting many devotees."
Navsari,Nature,Sur Sagar Lake,All Year,"Sur Sagar Lake is a picturesque lake surrounded by gardens, ideal for leisurely walks and enjoying the serene atmosphere."
Anand,Cultural,Anand Dairy Farm,All Year,"Anand Dairy Farm is famous for its high-quality dairy products and offers visitors a chance to learn about dairy farming."
Anand,Nature,Narmada Canal,All Year,"Narmada Canal is a scenic canal perfect for leisurely strolls and enjoying the natural beauty of the surrounding areas."
Anand,Historical,Vallabh Vidyanagar,All Year,"Vallabh Vidyanagar is a historic educational hub known for its universities and educational institutions, playing a significant role in Gujarat's development."
Panchmahal,Historical,Ghanta Ghar,All Year,"Ghanta Ghar is a historic clock tower known for its unique architecture and serves as a prominent landmark in the Panchmahal district."
Panchmahal,Nature,Pavagadh Hill,All Year,"Pavagadh Hill is a UNESCO World Heritage Site, known for its rich history, temples, and trekking trails amidst beautiful landscapes."
Mehsana,Historical,Modhera Sun Temple,All Year,"Modhera Sun Temple is an ancient temple dedicated to the Sun God, renowned for its exquisite architecture and historical significance."
Mehsana,Cultural,Mehsana Railway Station,All Year,"Mehsana Railway Station is a historic railway station known for its architectural beauty and serves as an important junction in the region."
Mehsana,Nature,Narmada Canal,All Year,"Narmada Canal is a scenic waterway ideal for nature walks, providing a peaceful environment and beautiful views."
Dahod,Nature,Dang Forests,Summer,"Dang Forests are lush green forests known for their biodiversity and scenic beauty, perfect for nature lovers and trekkers."
Dahod,Cultural,Dahod Museum,All Year,"Dahod Museum showcases the rich cultural heritage of the region, featuring artifacts, historical items, and local art."
Dahod,Adventure,Dahod Waterfall,Winter,"Dahod Waterfall is a beautiful waterfall, ideal for adventure activities and picnics, especially during the winter season."
Tapi,Nature,Gopi Talav,Winter,"Gopi Talav is a serene lake surrounded by lush greenery, perfect for relaxation and enjoying nature's beauty in winter."
Tapi,Cultural,Tapi River,All Year,"Tapi River is an important river known for its scenic beauty and cultural significance, flowing through the Tapi district."
Tapi,Adventure,Tapi Trekking,Winter,"Tapi Trekking offers adventurous trails along the river, providing beautiful views and an immersive experience in nature."
Valsad,Nature,Valmiki Ashram,All Year,"Valmiki Ashram is a tranquil spot surrounded by nature, known for its peaceful ambiance and spiritual significance."
Valsad,Cultural,Valmiki Temple,All Year,"Valmiki Temple is dedicated to Sage Valmiki, featuring beautiful architecture and attracting devotees throughout the year."
Narmada,Spiritual,Sardar Sarovar Dam,All Year,"Sardar Sarovar Dam is a significant dam on the Narmada River, known for its engineering marvel and scenic surroundings."
Narmada,Cultural,Narmada Park,All Year,"Narmada Park is a well-maintained park offering recreational activities, beautiful landscapes, and a place for family outings."
Kheda,Cultural,Kheda Museum,All Year,"Kheda Museum exhibits the rich cultural and historical heritage of Kheda, featuring artifacts and displays from various eras."
Banaskantha,Historical,Rani ki Vav,All Year,"Rani ki Vav is a UNESCO World Heritage Site and an intricately designed stepwell known for its stunning sculptures and historic significance."
Rajkot,Cultural,Rajkot Zoo,All Year,"Rajkot Zoo is home to various species of animals and birds, providing educational experiences and recreational activities for visitors."
Rajkot,Nature,Nyari Dam,All Year,"Nyari Dam is a picturesque dam surrounded by greenery, ideal for picnics and enjoying nature's tranquility."
Rajkot,Historical,Rajkot Palace,All Year,"Rajkot Palace is a historical site showcasing the rich heritage of the region and offering insights into Rajkot's royal past."
Rajkot,Entertainment,Rajkot Water Park,All Year,"Rajkot Water Park is a popular entertainment destination featuring various water rides and activities for families and friends."
Rajkot,Cultural,Rotary Dolls Museum,All Year,"Rotary Dolls Museum displays an impressive collection of dolls from around the world, showcasing cultural diversity and craftsmanship."
Rajkot,Nature,Junagadh Gate,All Year,"Junagadh Gate is a historical landmark providing insights into the architecture and history of Rajkot, surrounded by beautiful views."
Rajkot,Shopping,Rajkot Night Market,All Year,"Rajkot Night Market is a vibrant shopping destination, offering a variety of local crafts, food, and an exciting night atmosphere."
Surendranagar,Historical,Surendranagar Fort,All Year,"Surendranagar Fort is a historic fort known for its architectural grandeur and offers panoramic views of the surrounding landscape."
Surendranagar,Cultural,Surendranagar Museum,All Year,"Surendranagar Museum showcases the rich cultural heritage of the region through various exhibits and artifacts."
Surendranagar,Nature,Narmada Canal,All Year,"Narmada Canal is a scenic waterway ideal for leisurely strolls and enjoying the natural beauty of the surrounding areas."
Surendranagar,Adventure,Dhank Fort,All Year,"Dhank Fort is an ancient fort known for its historical significance and adventure opportunities, offering stunning views."
Bhavnagar,Nature,Gopi Talav,All Year,"Gopi Talav is a picturesque lake perfect for relaxation and enjoying the serene surroundings throughout the year."
Bhavnagar,Cultural,Bhavnagar Palace,All Year,"Bhavnagar Palace is a historical palace showcasing the architectural beauty and heritage of Bhavnagar, attracting many visitors."
Bhavnagar,Historical,Khambhalida Caves,All Year,"Khambhalida Caves are ancient rock-cut caves famous for their stunning sculptures and carvings, offering a glimpse into India's rich heritage."
Bhavnagar,Nature,Victoria Garden,All Year,"Victoria Garden is a beautifully landscaped garden ideal for leisurely walks and enjoying nature, featuring a variety of plants and flowers."
Bhavnagar,Adventure,Bhavnagar Water Park,Winter,"Bhavnagar Water Park is an exciting destination for families, featuring numerous water rides and activities, especially enjoyable in winter."
Kutch,Adventure,Desert Safari,Winter,"Desert Safari in Kutch offers thrilling experiences through the sand dunes, showcasing the unique desert landscape and wildlife."
Kutch,Nature,Sand Dunes,Winter,"The Sand Dunes in Kutch are stunning natural formations, ideal for exploration and experiencing the vastness of the desert landscape."
Kutch,Cultural,Kutch Handicrafts,All Year,"Kutch Handicrafts are renowned for their intricate designs and craftsmanship, representing the rich cultural heritage of the Kutch region."
Ahmedabad,Entertainment,Tapti Riverfront,All Year,"Tapti Riverfront is a recreational area along the river, offering various activities and beautiful views for families and visitors."
Ahmedabad,Historical,Shree Swaminarayan Mandir,All Year,"Shree Swaminarayan Mandir is a significant temple known for its stunning architecture and spiritual ambiance, attracting many devotees."
Ahmedabad,Cultural,Shreyas Folk Museum,All Year,"Shreyas Folk Museum showcases the rich folk culture of Gujarat through various artifacts, traditional crafts, and art."
Kutch,Adventure,Kutch Rann Utsav,Winter,"Kutch Rann Utsav is a vibrant festival celebrating the culture and traditions of Kutch, featuring music, dance, and local crafts."
Kutch,Nature,Great Rann of Kutch,Winter,"Great Rann of Kutch is a vast salt desert known for its breathtaking beauty, especially during the winter season."
Surat,Cultural,Surat Aquarium,All Year,"Surat Aquarium is a popular attraction showcasing various marine species, providing educational experiences for visitors."
Surat,Adventure,Surat Water Park,Winter,"Surat Water Park is an exciting destination for families, featuring water rides and activities, especially popular in winter."
Surat,Nature,Iskcon Temple,All Year,"Iskcon Temple is a serene temple dedicated to Lord Krishna, known for its spiritual ambiance and beautiful architecture."
Surat,Entertainment,Surat Adventure Park,Winter,"Surat Adventure Park offers thrilling rides and activities for adventure seekers, making it a popular winter destination."
Vadodara,Nature,Shahibaug Lake,All Year,"Shahibaug Lake is a scenic lake surrounded by gardens, ideal for leisurely walks and enjoying the tranquil environment."
Vadodara,Adventure,Falconry,All Year,"Falconry in Vadodara offers an exciting experience of bird training and hunting, showcasing the art and skill of falconers."
Vadodara,Spiritual,Jagannath Temple,All Year,"Jagannath Temple is an important temple dedicated to Lord Jagannath, known for its vibrant atmosphere and cultural significance."
Gandhinagar,Nature,Indroda Nature Park,All Year,"Indroda Nature Park is a well-maintained park known for its rich biodiversity, including flora and fauna, ideal for nature lovers."
Gandhinagar,Historical,Adalaj Stepwell,All Year,"Adalaj Stepwell is an intricately designed stepwell known for its stunning architecture and historical significance, attracting many visitors."
Gandhinagar,Adventure,Parineeta Water Park,Winter,"Parineeta Water Park is an exciting water park featuring various rides and activities, especially enjoyable during the winter season."
Kutch,Cultural,Traditional Kutch Handicrafts,All Year,"Traditional Kutch Handicrafts are renowned for their vibrant designs and craftsmanship, representing the rich cultural heritage of the region."
Kutch,Spiritual,Shri Swaminarayan Mandir,All Year,"Shri Swaminarayan Mandir is a prominent temple known for its beautiful architecture and spiritual significance, attracting many devotees."
Kutch,Historical,Bhujia Fort,All Year,"Bhujia Fort is a historic fort known for its strategic location and panoramic views of the surrounding landscape."
Kutch,Cultural,Kutch Craft Village,All Year,"Kutch Craft Village is known for its vibrant handicrafts and local artisans, offering a glimpse into the traditional crafts of Kutch."
Kutch,Nature,Kutch Desert Wildlife Sanctuary,Winter,"Kutch Desert Wildlife Sanctuary is home to a variety of wildlife, especially during winter, attracting nature enthusiasts and wildlife lovers."
Kutch,Adventure,Desert Safari,Winter,"Desert Safari in Kutch offers thrilling experiences through the sand dunes, showcasing the unique desert landscape and wildlife."
Ahmedabad,Historical,Shah Alam Roza,All Year,"Shah Alam Roza is a historical tomb known for its intricate architecture and serene ambiance, making it a peaceful spot for visitors."
Ahmedabad,Cultural,Gandhi Ashram,All Year,"Gandhi Ashram, also known as Sabarmati Ashram, is a significant site dedicated to Mahatma Gandhi, showcasing his life and values."
Ahmedabad,Nature,Kamla Nehru Zoo,All Year,"Kamla Nehru Zoo is a well-maintained zoo featuring a variety of animals and a beautiful landscape, ideal for family outings."
Vadodara,Adventure,Water Sports,Winter,"Vadodara offers various water sports activities during winter, attracting adventure enthusiasts and providing thrilling experiences."
Dwarka,Nature,Dwarka Beach,All Year,"Dwarka Beach is known for its pristine sands and clear waters, making it an ideal location for relaxation and water activities."
Dwarka,Cultural,Archaeological Museum,All Year,"Dwarka's Archaeological Museum showcases artifacts and relics that highlight the historical and cultural significance of the region."
Somnath,Adventure,Water Sports,Winter,"Somnath offers exciting water sports activities during winter, attracting tourists looking for adventure and fun."
Junagadh,Adventure,Khambhalida Caves,All Year,"Khambhalida Caves are ancient rock-cut caves featuring stunning sculptures, providing a glimpse into India's rich history and culture."
Anand,Nature,Narmada Canal,All Year,"Narmada Canal is a scenic waterway perfect for leisurely walks, surrounded by lush greenery, ideal for nature lovers."
Rajkot,Cultural,Rajkot Planetarium,All Year,"Rajkot Planetarium offers educational programs and shows about astronomy and space, making it a great destination for science enthusiasts."
Rajkot,Nature,Nyari Dam,All Year,"Nyari Dam is a picturesque site surrounded by nature, ideal for picnics and enjoying the serene environment throughout the year."
Rajkot,Historical,Rajkot Palace,All Year,"Rajkot Palace is a historic site showcasing the heritage of Rajkot, featuring beautiful architecture and informative displays."
Rajkot,Entertainment,Rajkot Water Park,All Year,"Rajkot Water Park is a popular destination with various water rides and activities, providing fun for families and friends."
Saputara,Nature,Saputara Hill Station,Summer,"Saputara Hill Station is a picturesque hill station known for its cool climate, lush greenery, and beautiful landscapes, especially in summer."
Saputara,Cultural,Nageshwar Temple,All Year,"Nageshwar Temple is a significant spiritual site known for its serene atmosphere and beautiful architecture, attracting many devotees."
Saputara,Adventure,Governor's Hill,Summer,"Governor's Hill is an adventurous spot offering trekking opportunities and stunning views, making it a favorite among adventure seekers."
Saputara,Entertainment,Saputara Lake,All Year,"Saputara Lake is a beautiful lake ideal for boating and relaxation, surrounded by lush gardens and a tranquil environment."
Dang,Nature,Dang Forests,Summer,"Dang Forests are rich in biodiversity, offering lush greenery, trekking trails, and a serene escape into nature during summer."
saputara,Adventure,Garudeshwar Waterfall,Summer,"Garudeshwar Waterfall is a stunning waterfall perfect for adventure seekers and nature lovers, providing a refreshing escape in summer."
Dang,Cultural,Dang Darbar,All Year,"Dang Darbar showcases the rich cultural heritage of the Dang region through various exhibits and cultural displays."
Dang,Spiritual,Gir Somnath Temple,All Year,"Gir Somnath Temple is an important spiritual site known for its architectural beauty and historical significance, attracting many visitors."
Dang,Nature,Bhagoria Haat,Winter,"Bhagoria Haat is a vibrant market held in winter, showcasing local crafts, culture, and traditional items of the Dang region."
Bhuj,Historical,Bhujia Fort,All Year,"Bhujia Fort is a historic fort offering panoramic views of the surrounding landscape and insights into the region's rich heritage."
Bhuj,Cultural,Bhuj Museum,All Year,"Bhuj Museum exhibits the cultural heritage of Kutch through various artifacts and displays, offering a glimpse into its history."
Bhuj,Nature,Kutch Desert Wildlife Sanctuary,Winter,"Kutch Desert Wildlife Sanctuary is home to diverse wildlife, attracting nature enthusiasts and birdwatchers, especially in winter."
Bhuj,Adventure,Kutch Rann Utsav,Winter,"Kutch Rann Utsav is a vibrant festival celebrating the culture of Kutch with music, dance, and local handicrafts, attracting many visitors."
Navsari,Cultural,Navsari Jain Temple,All Year,"Navsari Jain Temple is a beautiful temple known for its intricate architecture and peaceful atmosphere, attracting many devotees."
Navsari,Nature,Sur Sagar Lake,All Year,"Sur Sagar Lake is a scenic lake surrounded by gardens, providing a tranquil environment for relaxation and leisurely walks."
Anand,Cultural,Anand Dairy Farm,All Year,"Anand Dairy Farm is famous for its dairy products and offers visitors a chance to learn about dairy farming and enjoy fresh products."
Anand,Nature,Narmada Canal,All Year,"Narmada Canal is a picturesque canal ideal for nature walks, surrounded by beautiful landscapes and greenery."
Anand,Historical,Vallabh Vidyanagar,All Year,"Vallabh Vidyanagar is known for its educational institutions and historical significance, offering insights into the region's academic heritage."
Panchmahal,Historical,Ghanta Ghar,All Year,"Ghanta Ghar is a historical clock tower known for its architectural beauty and significance in the local heritage."
Panchmahal,Nature,Pavagadh Hill,All Year,"Pavagadh Hill is a scenic hill offering trekking opportunities and stunning views, making it a popular destination for nature lovers."
Mehsana,Historical,Modhera Sun Temple,All Year,"Modhera Sun Temple is a stunning temple dedicated to the Sun God, known for its exquisite architecture and intricate carvings."
Mehsana,Cultural,Mehsana Railway Station,All Year,"Mehsana Railway Station is an important railway hub, known for its historical significance and architectural features."
Mehsana,Nature,Narmada Canal,All Year,"Narmada Canal provides a scenic route ideal for leisurely strolls, surrounded by lush greenery and beautiful landscapes."
Dahod,Nature,Dang Forests,Summer,"Dang Forests are rich in biodiversity, offering lush greenery, trekking trails, and a serene escape into nature during summer."
Dahod,Cultural,Dahod Museum,All Year,"Dahod Museum showcases the rich cultural heritage of the region, featuring artifacts, historical items, and local art."
Dahod,Adventure,Dahod Waterfall,Winter,"Dahod Waterfall is a beautiful waterfall, ideal for adventure activities and picnics, especially during the winter season."
Tapi,Nature,Gopi Talav,Winter,"Gopi Talav is a serene lake surrounded by lush greenery, perfect for relaxation and enjoying nature's beauty in winter."
Tapi,Cultural,Tapi River,All Year,"Tapi River is an important river known for its scenic beauty and cultural significance, flowing through the Tapi district."
Tapi,Adventure,Tapi Trekking,Winter,"Tapi Trekking offers adventurous trails along the river, providing beautiful views and an immersive experience in nature."
Valsad,Nature,Valmiki Ashram,All Year,"Valmiki Ashram is a tranquil spot surrounded by nature, known for its peaceful ambiance and spiritual significance."
Valsad,Cultural,Valmiki Temple,All Year,"Valmiki Temple is dedicated to Sage Valmiki, featuring beautiful architecture and attracting devotees throughout the year."
Narmada,Spiritual,Sardar Sarovar Dam,All Year,"Sardar Sarovar Dam is a significant dam on the Narmada River, known for its engineering marvel and scenic surroundings."
Narmada,Cultural,Narmada Park,All Year,"Narmada Park is a well-maintained park offering recreational activities, beautiful landscapes, and a place for family outings."
Kheda,Cultural,Kheda Museum,All Year,"Kheda Museum exhibits the rich cultural and historical heritage of Kheda, featuring artifacts and displays from various eras."
Banaskantha,Historical,Rani ki Vav,All Year,"Rani ki Vav is a UNESCO World Heritage Site and an intricately designed stepwell known for its stunning sculptures and historic significance."
Rajkot,Cultural,Rajkot Zoo,All Year,"Rajkot Zoo is home to a variety of animals and is a great spot for families and animal lovers, providing educational experiences."
Rajkot,Nature,Nyari Dam,All Year,"Nyari Dam offers a serene environment for picnics and nature walks, surrounded by beautiful landscapes and greenery."
Rajkot,Historical,Rajkot Palace,All Year,"Rajkot Palace is a historic site showcasing the royal heritage of Rajkot with beautiful architecture and informative displays."
Rajkot,Entertainment,Rajkot Water Park,All Year,"Rajkot Water Park features various water rides and attractions, making it a fun destination for families and friends."
Surendranagar,Historical,Surendranagar Fort,All Year,"Surendranagar Fort is a historical fort known for its architecture and panoramic views of the surrounding area, rich in history."
Surendranagar,Cultural,Surendranagar Museum,All Year,"Surendranagar Museum exhibits the cultural heritage of the region, showcasing artifacts, art, and historical items."
Surendranagar,Nature,Narmada Canal,All Year,"Narmada Canal provides a scenic spot for walks and relaxation, surrounded by lush greenery and peaceful landscapes."
Surendranagar,Adventure,Dhank Fort,All Year,"Dhank Fort offers trekking opportunities and historical insights, making it a great destination for adventure seekers and history buffs."
Bhavnagar,Nature,Gopi Talav,All Year,"Gopi Talav is a picturesque lake surrounded by gardens, ideal for relaxation and enjoying nature's beauty throughout the year."
Bhavnagar,Cultural,Bhavnagar Palace,All Year,"Bhavnagar Palace is a historical site featuring beautiful architecture and rich history, reflecting the heritage of the region."
Bhavnagar,Historical,Khambhalida Caves,All Year,"Khambhalida Caves are ancient rock-cut caves adorned with stunning sculptures, providing insight into India's historical architecture."
Bhavnagar,Nature,Victoria Garden,All Year,"Victoria Garden is a well-maintained garden offering a tranquil environment for walks and family outings amidst beautiful landscapes."
Bhavnagar,Adventure,Bhavnagar Water Park,Winter,"Bhavnagar Water Park is an exciting destination during winter, featuring water rides and activities for families and friends."
Kutch,Adventure,Desert Safari,Winter,"Desert Safari in Kutch offers thrilling experiences in the vast desert, showcasing the unique landscapes and local culture."
Kutch,Nature,Sand Dunes,Winter,"Kutch's Sand Dunes provide stunning vistas and opportunities for photography, making it a perfect spot for nature lovers."
Kutch,Cultural,Kutch Handicrafts,All Year,"Kutch Handicrafts are famous for their intricate designs and craftsmanship, offering visitors a glimpse into the local artisan culture."
Ahmedabad,Entertainment,Tapti Riverfront,All Year,"Tapti Riverfront is a beautiful promenade along the river, ideal for leisurely walks, picnics, and enjoying scenic views."
Ahmedabad,Historical,Shree Swaminarayan Mandir,All Year,"Shree Swaminarayan Mandir is a grand temple known for its intricate architecture and spiritual significance, attracting many devotees."
Ahmedabad,Cultural,Shreyas Folk Museum,All Year,"Shreyas Folk Museum showcases traditional art, crafts, and culture of Gujarat, providing educational experiences for visitors."
Kutch,Adventure,Kutch Rann Utsav,Winter,"Kutch Rann Utsav is a vibrant festival celebrating the local culture with music, dance, and local handicrafts, attracting many visitors."
Kutch,Nature,Great Rann of Kutch,Winter,"Great Rann of Kutch is a breathtaking white salt desert known for its stunning landscapes, especially during winter when it’s most visible."
Surat,Cultural,Surat Aquarium,All Year,"Surat Aquarium features a diverse collection of aquatic life, offering educational experiences and entertainment for families."
Surat,Adventure,Surat Water Park,Winter,"Surat Water Park offers various water rides and attractions, making it a fun destination for families and friends during winter."
Surat,Nature,Iskcon Temple,All Year,"Iskcon Temple is a serene spiritual site known for its beautiful architecture and peaceful atmosphere, attracting many visitors."
Surat,Entertainment,Surat Adventure Park,Winter,"Surat Adventure Park features various rides and activities, making it a popular destination for thrill-seekers and families."
Vadodara,Nature,Shahibaug Lake,All Year,"Shahibaug Lake is a beautiful lake surrounded by lush greenery, ideal for picnics and leisurely walks throughout the year."
Vadodara,Adventure,Falconry,All Year,"Falconry in Vadodara offers an exciting opportunity to learn about bird training and participate in this ancient sport."
Vadodara,Spiritual,Jagannath Temple,All Year,"Jagannath Temple is an important spiritual site known for its beautiful architecture and vibrant festivals, attracting many devotees."
Gandhinagar,Nature,Indroda Nature Park,All Year,"Indroda Nature Park is a well-maintained park featuring a variety of flora and fauna, perfect for nature walks and family outings."
Gandhinagar,Historical,Adalaj Stepwell,All Year,"Adalaj Stepwell is an intricately designed stepwell known for its beautiful carvings and historical significance."
Gandhinagar,Adventure,Parineeta Water Park,Winter,"Parineeta Water Park offers exciting water rides and attractions during winter, making it a fun destination for families."
Kutch,Cultural,Traditional Kutch Handicrafts,All Year,"Traditional Kutch Handicrafts showcase the region's artistic heritage, offering unique items made by local artisans."
Kutch,Spiritual,Shri Swaminarayan Mandir,All Year,"Shri Swaminarayan Mandir is a prominent temple known for its exquisite architecture and spiritual ambiance, attracting many visitors."
Kutch,Historical,Bhujia Fort,All Year,"Bhujia Fort offers stunning views and insights into the region's history, making it a great destination for history enthusiasts."
Kutch,Cultural,Kutch Craft Village,All Year,"Kutch Craft Village is a vibrant community showcasing traditional crafts and providing visitors with a glimpse into local artistry."
Kutch,Nature,Kutch Desert Wildlife Sanctuary,Winter,"Kutch Desert Wildlife Sanctuary is home to diverse wildlife, attracting nature enthusiasts and birdwatchers during winter."
Kutch,Adventure,Desert Safari,Winter,"Desert Safari in Kutch offers thrilling experiences in the vast desert, showcasing the unique landscapes and local culture."
Ahmedabad,Historical,Shah Alam Roza,All Year,"Shah Alam Roza is a historical tomb known for its intricate architecture and serene ambiance, making it a peaceful spot for visitors."
Ahmedabad,Cultural,Gandhi Ashram,All Year,"Gandhi Ashram, also known as Sabarmati Ashram, is a significant site dedicated to Mahatma Gandhi, showcasing his life and values."
Ahmedabad,Nature,Kamla Nehru Zoo,All Year,"Kamla Nehru Zoo is a well-maintained zoo featuring a variety of animals and a beautiful landscape, ideal for family outings."
Vadodara,Adventure,Water Sports,Winter,"Vadodara offers various water sports activities during winter, attracting adventure enthusiasts and providing thrilling experiences."
Dwarka,Nature,Dwarka Beach,All Year,"Dwarka Beach is known for its pristine sands and clear waters, making it an ideal location for relaxation and water activities."
Dwarka,Cultural,Archaeological Museum,All Year,"Dwarka's Archaeological Museum showcases artifacts and relics that highlight the historical and cultural significance of the region."
Somnath,Adventure,Water Sports,Winter,"Somnath offers exciting water sports activities during winter, attracting tourists looking for adventure and fun."
Junagadh,Adventure,Khambhalida Caves,All Year,"Khambhalida Caves are ancient rock-cut caves featuring stunning sculptures, providing a glimpse into India's rich history and culture."
Anand,Nature,Narmada Canal,All Year,"Narmada Canal is a scenic waterway perfect for leisurely walks, surrounded by lush greenery, ideal for nature lovers."
Rajkot,Cultural,Rajkot Planetarium,All Year,"Rajkot Planetarium offers educational programs and shows about astronomy and space, making it a great destination for science enthusiasts."
Rajkot,Nature,Nyari Dam,All Year,"Nyari Dam is a picturesque site surrounded by nature, ideal for picnics and enjoying the serene environment throughout the year."
Rajkot,Historical,Rajkot Palace,All Year,"Rajkot Palace is a historic site showcasing the royal heritage of Rajkot with beautiful architecture and informative displays."
Rajkot,Entertainment,Rajkot Water Park,All Year,"Rajkot Water Park features various water rides and attractions, making it a fun destination for families and friends."
Saputara,Nature,Saputara Hill Station,Summer,"Saputara Hill Station is a popular hill retreat known for its lush greenery, scenic views, and pleasant climate, perfect for summer getaways."
Saputara,Cultural,Nageshwar Temple,All Year,"Nageshwar Temple is a significant spiritual site dedicated to Lord Shiva, known for its intricate architecture and serene atmosphere."
Saputara,Adventure,Governor's Hill,Summer,"Governor's Hill offers thrilling trekking opportunities and breathtaking views, making it a favorite among adventure seekers during summer."
Saputara,Entertainment,Saputara Lake,All Year,"Saputara Lake is an artificial lake surrounded by gardens, ideal for boating and picnics, attracting visitors year-round."
Dang,Nature,Dang Forests,Summer,"Dang Forests are rich in biodiversity, offering beautiful trails and opportunities for nature walks amidst lush greenery during summer."
Dang,Adventure,Garudeshwar Waterfall,Summer,"Garudeshwar Waterfall is a stunning natural spot perfect for adventure activities like trekking and enjoying the cool water during summer."
Dang,Cultural,Dang Darbar,All Year,"Dang Darbar is a cultural landmark showcasing local heritage and traditions, providing visitors with insights into the region's history."
Dang,Spiritual,Gir Somnath Temple,All Year,"Gir Somnath Temple is an important spiritual site known for its beautiful architecture and historical significance, attracting devotees throughout the year."
Dang,Nature,Bhagoria Haat,Winter,"Bhagoria Haat is a vibrant tribal market known for its colorful displays of local handicrafts and traditional culture, particularly in winter."
Bhuj,Historical,Bhujia Fort,All Year,"Bhujia Fort is a historic site offering panoramic views and a glimpse into the region's history, making it a must-visit for history enthusiasts."
Bhuj,Cultural,Bhuj Museum,All Year,"Bhuj Museum showcases the rich cultural heritage of the Kutch region through artifacts, art, and historical exhibits."
Bhuj,Nature,Kutch Desert Wildlife Sanctuary,Winter,"Kutch Desert Wildlife Sanctuary is home to diverse flora and fauna, attracting nature lovers and birdwatchers during winter."
Bhuj,Adventure,Kutch Rann Utsav,Winter,"Kutch Rann Utsav is a vibrant festival celebrating local culture with music, dance, and traditional crafts, drawing many visitors."
Navsari,Cultural,Navsari Jain Temple,All Year,"Navsari Jain Temple is known for its exquisite architecture and spiritual significance, attracting devotees and tourists alike."
Navsari,Nature,Sur Sagar Lake,All Year,"Sur Sagar Lake is a picturesque water body surrounded by lush gardens, perfect for relaxation and enjoying nature year-round."
Anand,Cultural,Anand Dairy Farm,All Year,"Anand Dairy Farm is famous for its dairy products and offers visitors a chance to learn about dairy farming and taste fresh products."
Anand,Nature,Narmada Canal,All Year,"Narmada Canal provides a scenic spot for walks and relaxation, surrounded by lush greenery and peaceful landscapes."
Anand,Historical,Vallabh Vidyanagar,All Year,"Vallabh Vidyanagar is a prominent educational hub with historical significance, known for its institutions and vibrant community."
Panchmahal,Historical,Ghanta Ghar,All Year,"Ghanta Ghar is a historical clock tower and landmark in the region, showcasing beautiful architecture and cultural significance."
Panchmahal,Nature,Pavagadh Hill,All Year,"Pavagadh Hill is known for its scenic beauty and historical temples, offering trekking opportunities and panoramic views."
Mehsana,Historical,Modhera Sun Temple,All Year,"Modhera Sun Temple is an architectural marvel dedicated to the Sun God, renowned for its intricate carvings and historical importance."
Mehsana,Cultural,Mehsana Railway Station,All Year,"Mehsana Railway Station is a key transportation hub with historical significance, serving as a gateway to various destinations."
Mehsana,Nature,Narmada Canal,All Year,"Narmada Canal offers a picturesque environment for walks and relaxation, surrounded by lush greenery and beautiful landscapes."
Dahod,Nature,Dang Forests,Summer,"Dang Forests are rich in biodiversity, offering beautiful trails and opportunities for nature walks amidst lush greenery during summer."
Dahod,Cultural,Dahod Museum,All Year,"Dahod Museum showcases the region's cultural heritage through various artifacts, providing educational insights into local history."
Dahod,Adventure,Dahod Waterfall,Winter,"Dahod Waterfall is a scenic destination offering trekking and adventure opportunities, especially popular during the winter season."
Tapi,Nature,Gopi Talav,Winter,"Gopi Talav is a serene lake surrounded by gardens, ideal for picnics and enjoying nature during the cooler winter months."
Tapi,Cultural,Tapi River,All Year,"Tapi River holds cultural significance and offers beautiful scenery, making it a popular spot for leisurely walks and relaxation."
Tapi,Adventure,Tapi Trekking,Winter,"Tapi Trekking offers adventurous trails through beautiful landscapes, making it a great option for outdoor enthusiasts during winter."
Valsad,Nature,Valmiki Ashram,All Year,"Valmiki Ashram is a peaceful retreat surrounded by nature, ideal for spiritual practices and meditation throughout the year."
Valsad,Cultural,Valmiki Temple,All Year,"Valmiki Temple is dedicated to the sage Valmiki and is known for its spiritual significance and beautiful architecture."
Narmada,Spiritual,Sardar Sarovar Dam,All Year,"Sardar Sarovar Dam is an important engineering marvel with spiritual significance, attracting visitors for its beauty and tranquility."
Narmada,Cultural,Narmada Park,All Year,"Narmada Park is a well-maintained park offering recreational activities and beautiful views of the Narmada River."
Kheda,Cultural,Kheda Museum,All Year,"Kheda Museum showcases the cultural heritage of the region through various artifacts, art, and historical items."
Banaskantha,Historical,Rani ki Vav,All Year,"Rani ki Vav is a UNESCO World Heritage Site known for its intricate stepwell architecture and historical significance, attracting many tourists."
Rajkot,Cultural,Rajkot Zoo,All Year,"Rajkot Zoo is home to a variety of animals and is a great spot for families and animal lovers, providing educational experiences."
Rajkot,Nature,Nyari Dam,All Year,"Nyari Dam offers a serene environment for picnics and nature walks, surrounded by beautiful landscapes and greenery."
Rajkot,Historical,Rajkot Palace,All Year,"Rajkot Palace is a historic site showcasing the royal heritage of Rajkot with beautiful architecture and informative displays."
Rajkot,Entertainment,Rajkot Water Park,All Year,"Rajkot Water Park features various water rides and attractions, making it a fun destination for families and friends."
Surendranagar,Historical,Surendranagar Fort,All Year,"Surendranagar Fort is a historical fort known for its architecture and panoramic views of the surrounding area, rich in history."
Surendranagar,Cultural,Surendranagar Museum,All Year,"Surendranagar Museum exhibits the cultural heritage of the region, showcasing artifacts, art, and historical items."
Surendranagar,Nature,Narmada Canal,All Year,"Narmada Canal provides a scenic spot for walks and relaxation, surrounded by lush greenery and peaceful landscapes."
Surendranagar,Adventure,Dhank Fort,All Year,"Dhank Fort offers trekking opportunities and historical insights, making it a great destination for adventure seekers and history buffs."
Bhavnagar,Nature,Gopi Talav,All Year,"Gopi Talav is a picturesque lake surrounded by gardens, ideal for relaxation and enjoying nature's beauty throughout the year."
Bhavnagar,Cultural,Bhavnagar Palace,All Year,"Bhavnagar Palace is a historical site featuring beautiful architecture and rich history, reflecting the heritage of the region."
Bhavnagar,Historical,Khambhalida Caves,All Year,"Khambhalida Caves are ancient rock-cut caves adorned with stunning sculptures, providing insight into India's historical architecture."
Bhavnagar,Nature,Victoria Garden,All Year,"Victoria Garden is a well-maintained garden offering a tranquil environment for walks and family outings amidst beautiful landscapes."
Bhavnagar,Adventure,Bhavnagar Water Park,Winter,"Bhavnagar Water Park is an exciting destination during winter, featuring water rides and activities for families and friends."
Kutch,Adventure,Desert Safari,Winter,"Desert Safari in Kutch offers thrilling experiences in the vast desert, showcasing the unique landscapes and local culture."
Kutch,Nature,Sand Dunes,Winter,"Kutch's Sand Dunes provide stunning vistas and opportunities for photography, making it a perfect spot for nature lovers."
Kutch,Cultural,Kutch Handicrafts,All Year,"Kutch Handicrafts are famous for their intricate designs and craftsmanship, offering visitors a glimpse into the local artisan culture."
Ahmedabad,Entertainment,Tapti Riverfront,All Year,"Tapti Riverfront is a beautiful promenade along the river, ideal for leisurely walks, picnics, and enjoying scenic views."
Ahmedabad,Historical,Shree Swaminarayan Mandir,All Year,"Shree Swaminarayan Mandir is a grand temple known for its intricate architecture and spiritual significance, attracting many devotees."